id,genres
26ObOMushZ72HM9PAEuOOO,
3hUk7wHp5Ruas0FLLVW69c,tuna;portuguese pop
6xMpDmxF3jsTrBBKuYFmJq,norwegian hip hop;norwegian trap;norwegian pop rap
4fWaQxKUOW3bYJ2R1qDRzR,
1TNMWejP82ZdXQ7qVszEAo,azontobeats;ghanaian hip hop;afropop;viral afropop;afrobeats;nigerian pop
7eo9YPXQqZjB1DxYAnvHqy,afrobeats;nigerian pop
2noVi0LCf3yUlyARZB1Mw7,viral afropop
1WhkbEoHWXTeL9dzikqJsY,russian underground rap;central asian hip hop;kazakh hip hop;kazakh indie
6ezYHltHYhuJckdCsYsRJI,k-pop girl group
6SwATVDZUy3jha72jDyxe2,j-pop
0bB8hmswtN9WvOQXV159CC,trap italiana;italian hip hop;italian pop
7v4C0Bh0UUIr54Y7h86GPW,rome indie;italian pop;italian adult pop
0D3QZNAMH2d5MFkVlebo6h,trap italiana;italian hip hop;italian pop
7EiZI6JVHllARrX9PUvAdX,hip hop;pop;canadian contemporary r&b;atl hip hop;canadian pop;southern hip hop;trap;rap
6O1RAYwmOqkcoJQr7J9SFJ,modern bollywood;desi pop;filmi
0s5Bv6nKQcTZNHk6kNGP5y,british invasion;classic rock;merseybeat;psychedelic rock;rock
69zAnyBtarXinChSUq925t,rap marseille;french hip hop;pop urbaine
40SGFYkwJVWDfLD8tay2OI,finnish hip hop
08mPohxtKuoyl97OQEq38I,finnish hip hop
0Ch46DVttxlt7dNSkYcpZG,finnish hip hop;finnish trap
4ahgBdpusrRaPyoH1Skh1h,finnish hip hop
1qmWhud8dSCh1WxZnwaR2P,finnish dance pop;finnish hip hop;finnish pop
5grPmKSW7p7wxMzaje5SRP,finnish dance pop;finnish hip hop;finnish trap;finnish pop
6FlgcrEoaGurTfbcSeqHVm,finnish pop
0IJEnvu1p4OIzkY8UiQXCt,finnish drill
2WwAsPZ5eBwihvFv2uXGl4,finnish hip hop
1kVdiCJmRG8NCLMi5Wk1Ga,finnish dance pop;suomi rock;iskelma;finnish pop
1YIPoktkEBmQhwdeEWZTEJ,finnish hip hop
0WaM1Gm2pepIsQOGtUfEKG,finnish hip hop
2sa9m8OLLjWGBS96w8kR2d,finnish hip hop
3K265QDIKTbM1MitKJdgOZ,
0kQtFJbzjpVkrUQyh7hDD5,egyptian hip hop
1C7lXfx4Y5maVl4AgUVlHA,reggaeton;trap latino;latin hip hop;urbano latino;reggaeton flow
0N9RX5PKyLlOKklH5bYtNH,german hip hop;german r&b
2LCoh1sop5AYzRBVDHFoiK,frauenrap;german hip hop;turkish hip hop;german drill
73JHeIhYKRV1c6RI4ZXsjW,german hip hop
3FkKvUfVnxmxdHrXwuI5vx,german hip hop;german pop
4g79mlIRCMtOvi1ZJVpq3t,drill chileno;reggaeton chileno;urbano chileno
6Y5Bgoz421cN2AioH45NZv,russian viral rap;russian hip hop;pop dance;electro house;memphis hip hop;slap house;rap
3xfiWjgYDcEGMzYTykkk1u,russian alt pop;russian hip hop;belarusian hip hop
3U7iXmjXJLsgn0EM23q4ag,russian trap;russian hip hop;russian viral rap;russian drill
3eXbmQ58zo1jULMJJzn9jC,russian hip hop;jersey club
3P2ubMyuL9NQOVU67TVCXA,pop teen brasileiro;funk 150 bpm;funk melody;funk das antigas;funk carioca;pop nacional
0fq2RzyyUoqELsONRF8ZzP,german hip hop
4zYHsmc2V9RyR8eOA0mlx6,argentine hip hop;trap argentino;trap latino;urbano latino;pop venezolano
2b6iksHOJYwowL2R5OXwPl,romanian trap
3mkTYCqErrz0Er7KVScfxv,polish viral rap;polish viral pop
1X9zmng42hJSwZ3gz8Q9v7,afrobeats;nigerian pop;afro drill;nigerian hip hop
2TqUQbVg1bgahl09szanuE,
1XchSQ2367nORjbsvO7ysb,lithuanian pop
2vJreatDgwtXWKpkqpPUZ3,cantopop;hk-pop
6NddoCdcG3lrzL4q30Wo5F,greek trap;greek drill
0RHOUjIUEVsbLsYP2VLKVZ,finnish hip hop
04TcSXoEPD9fNkEQaKEzdj,finnish hip hop
7IzAHtKPBETkdC644MkELY,estonian hip hop;estonian pop
3ZOEytgrvLwQaqXreDs2Jx,funk rock;alternative rock;rock;permanent wave;funk metal
48UPSzbZjgc449aqz8bxox,funk rock;alternative rock;rock;permanent wave;funk metal
64BbK9SFKH2jk86U3dGj2P,funk rock;alternative rock;rock;permanent wave;funk metal
79wR3vOEBkSJbHQNRDUGWW,russian drain;russian hip hop;russian viral rap
79GaUHpyHosiSGLUtYTHBd,russian hip hop;russian viral rap
2ItNKt19iqefEe590Z9GeE,pov: indie;pixel;otacore
64FzgoLZ3oXu2SriZblHic,pop
4v1eCQCl3d5w8a6Czv4qTv,turkce drill
10SXKV8mddSJm6Dsj0Oe4s,turkish pop;turkish deep house
1a9CYYvZHorDJpCICeo9VV,turkce drill
4pfjFUrtfnnkADqijqKmzP,t-pop
4pRmXzB5gkQXkfEOLfwJQx,polish hip hop
3kjMeY6ZgOZYAFRiPHMqmS,polish hip hop;polish trap
5OVD56aqdB0BmEzFXwvito,polish hip hop
0MhL6QodqjEjbsTeMcCFMc,
3wg32q0Nj0h2bBlakotaPw,lithuanian pop
34a6vjzt60Ah3Hmg0hwWi6,
1Jfouo7BPAseH72MXYNS9n,
16NPQQxjcSfhb0UFaUVw5s,israeli mediterranean
7DnAm9FOTWE3cUvso43HhI,pop
3N2WeXxSjngB1DSi8vrI8C,indonesian pop
5SN8g3koBFMIJdB7icMzk3,french hip hop;rap conscient;pop urbaine;cloud rap francais
2rpbU67Z8u8D21wdP9ObRU,french hip hop;rap conscient;pop urbaine;cloud rap francais
3Yw6KJjm8ycybvl6UdW9dq,reggaeton;rap canario;trap latino;urbano latino;latin hip hop;colombian pop;reggaeton colombiano
2Y1OOwaotmLil8JWQIBEVQ,estonian hip hop
2TQGWKeDm0eQr2xdzCSN70,estonian hip hop;estonian pop;estonian indie
2aibwv5hGXSgw7Yru8IYTO,funk rock;alternative rock;rock;permanent wave;funk metal
10Nmj3JCNoMeBQ87uw5j8k,funk rock;alternative rock;rock;permanent wave;funk metal
0aGQHMr7bc23Y9Ts84ffop,funk rock;alternative rock;rock;permanent wave;funk metal
1f2V8U1BiWaC9aJWmpOARe,funk rock;alternative rock;rock;permanent wave;funk metal
6UyMkM4523bYKwHIIrfuJu,bulgarian pop;chalga
6ENf77i5DmXDimXle5Ux3C,mandopop
2RJ7Q3gHb6cOeNBioSARni,t-pop;thai indie pop
3VmhkkVCfWF8GEhYcnEy1z,czsk hip hop
5bL7lLuBr3is5XQkkq0aDJ,musica madeirense;hip hop tuga
5PlvEOKEO40fwk1qHXGuH0,desi hip hop;hindi hip hop;pakistani hip hop;urdu hip hop
29xr6qxvadrU5bIYywqRlW,afrobeats;nigerian pop;nigerian hip hop
2bKcKMDU9JHtLJ8xeHR46X,afrobeats;nigerian pop
3gengEn3je6KGekvgNnHxA,german hip hop;german pop
6I6Pr0gPQJlvSTctTMVI94,lithuanian pop
0cOg60dw1LdwzrDEZuAeLC,lithuanian pop
0zqGsExr8GxWqoaYaa78xU,k-rap;korean r&b
0ofsKCwrfh6wigMU9IHsAF,rome indie;italian pop;italian adult pop
26Mb7G8uQIo2uXYnAAUFUn,trap italiana;italian hip hop;italian pop
1SfP5ccRKd3152ZwCbhS38,icelandic pop;icelandic hip hop
1JHNoQh4ng0GxiDxjPeqBL,icelandic pop;icelandic hip hop
3uQbheRyseXLdblWD613NZ,icelandic pop;icelandic hip hop
2mZaUAjM2b6GUGwHMOjgQf,french hip hop;rap conscient;pop urbaine;cloud rap francais
2jH0AqIwoPWMtG1d5z1J6a,french hip hop;rap conscient;pop urbaine;cloud rap francais
5ai7jBIyIC7KqJ4j0qJxfT,french hip hop;rap conscient;pop urbaine;cloud rap francais
4nyBlmu7zQiuaJjIGKe1qQ,french hip hop;rap conscient;pop urbaine;cloud rap francais
03taSSoKs2Q6Y0oH5t78Kt,french hip hop;rap conscient;pop urbaine;cloud rap francais
374qWICeo4ff4xAWo20N2F,finnish dance pop;suomi rock;iskelma;finnish pop
3ls1huXteZ0x7odooGpSMY,finnish dance pop;finnish pop
6Bc55onCuouUiPcY1abddK,electro bailando;electro latino
0F2xORrS26LJ7z3T6wVeJ7,
5D36tN8u2LSrXmL1CnhhhQ,russian trap;russian drain;russian hip hop;russian viral rap
2Ck3IZ3qSf0Csaf2GAhIS2,russian drill;russian hip hop;russian viral rap;russian trap
5lr7D9JQvMzmnNQ6yM6T7a,amapiano;barcadi
4yu5rGWvXcv6Yih8NC3iL7,afrikaans;south african pop;afrikaans hip hop
6KRsQtqdY4EilCDbWW1EgV,kinderliedjies
2PGxiV2TSgVHd02eBd0Kz1,south african pop;kwaito;afro soul
3vdju075mBX4GrJ0ZvojZn,kwaito
0UmCLFSIFAeKNklo0OQBOE,
3clZuUiF7kpYwHqqPp1ODb,turkish pop
3zvVdOWNaByAZBAPfNKb30,arabesk;turkish pop;karadeniz turkuleri;karadeniz pop;turkish folk
4sw8J2dZcT9lQE0kRfSaar,urbano chileno
3YT1YOdnMB1YsbHfOUzoPm,
7ufaG4y5Oy7HC5Ig2RwiII,french hip hop;rap conscient;pop urbaine;cloud rap francais
3IgEWo5IVygGPj1gIXGnEK,
6kLRi2qooc66a2gBWCy5hO,afrikaans;cape town indie;afrikaans hip hop
2kdQY3b6dDRGonyIzcWljc,african rock
3OFwjx4x49bqIi8W7kRzzV,kwaito
0F7pij0rEvmbMaqzckKHNi,world;south african choral;afropop
6ggmioMS1gYK0I5AAdv2NH,polish hip hop;polish trap
1p5GikXPiCkw5T2VrSPrO1,afrobeats;bronx drill;nigerian pop
6vGIf9ajywvcQzIdQVGnwG,afrobeats;nigerian pop;nigerian hip hop
3CmeWai5fvSIvgOy8Nw6sc,
3LbDqWLb8r2Ok6QN11iX8s,
6NMb67Ozf3rAwvtLjvL18v,french hip hop;rap conscient;pop urbaine;cloud rap francais
5b9ic5pD7G7VsABtoW1zGd,
5TfBut13yg4mQ1HFfHIOt5,frauenrap;german hip hop;german drill
3bSdSvGsYkPE48DktgEBZl,russian hip hop;russian viral rap
5FJssp1RN96K5AI7K2gJLY,russian hip hop;russian trap
65UliXqF4kM3qJbt0YsYvL,amapiano
7qzQfE2se3Ai5reZcxs920,rap;r&b
2e2dOJMIieLvAh2g7kN9dP,pop venezolano
2dTBLcAGxJNoEcMyA0txeg,swedish drill;swedish gangsta rap;swedish trap pop;swedish hip hop;swedish trap
2qaLGs4i8KjajslMwpA3f6,swedish trap pop;swedish hip hop;swedish trap;swedish gangsta rap
2qJ4IpSiX2EOMKwAuMvngO,romanian trap
1H574tTk1yBXnDfdfW8woR,polish hip hop;polish viral pop
2HbTwmup8SWz5tMcKZXFLh,hip hop;chicago rap;pop;drill;dance pop;pop dance;afrobeats;edm;chicago drill;pop rap;big room;trap;rap
7IdbB0rUe41sCXab98an5s,norwegian pop
3MWFPfsyvLWKceLAPx0hHY,swedish eurodance;danspunk;norwegian pop;norwegian pop rap
2KbFskDFrgLGKBKIVDrzbh,afrobeats;nigerian pop;jamaican dancehall;nigerian hip hop
2ZAlI005a5nE5ys5QGOiQr,afrobeats;nigerian pop;nigerian hip hop
0J0zVe6dR8atTdiWfIBFP7,nigerian hip hop;afrobeats;uk drill;uk hip hop;nigerian pop
5GU7NV6PiTRmxWb0Q5D4eH,afrobeats;nigerian pop;nigerian hip hop
2qsMmsGUXoXP3l78AHoiEn,afrobeats;nigerian pop;nigerian hip hop
00tUE6zCYP3B4Kb4fL76Kd,lithuanian pop
7JQjyjINzsexX0eZTijo1E,lithuanian pop
4BZuHDcmgmRaAwPd6IO7MY,k-rap;korean r&b
6gsWZq8WFyHarPDRhs8Gf7,italian hip hop
50A2O8cyECu8gcIxOkck8p,trap italiana;italian hip hop;drill italiana
4JpoKw3y83kB8aW5kGLuS2,italian hip hop;milan indie;italian pop
4ZftkJT496KpPzg90bJo6A,icelandic hip hop
6MZNuQvVYVh5jvSH0Q3JCJ,icelandic pop;icelandic hip hop
2SR1JrqxNAUIolQIx6OV56,icelandic pop;icelandic hip hop
70bMoHeE4bJ8AwP3qrUe1F,french hip hop;pop urbaine;rap francais;r&b francais;drill francais
7FKZix4pk2qf4SZVMOYich,french hip hop;drill francais;pop urbaine
4nZdmbr4HlIzLN4gnHFCdB,finnish hip hop
4RcBdmcjMn7qv0BeVfW8ys,suomirap;finnish hip hop
1fJvIjvIEnCxYr2mvOiWg5,
39R1kVmiHKlRHQapRMyJ6G,finnish dance pop;finnish hip hop;finnish pop
0lJHvFF2Jur0KowHti4jUg,urbano espanol;rap canario;trap latino;urbano latino
2HbrI0oakRE7qNXoK74zNR,shaabi;arab pop;egyptian pop
2zu2gViGH8vMhNMuSx6n1h,danish pop;danish hip hop
2xOym9KV2CvzXPYTZXgBym,german hip hop
3tlG0NcGrPLnM4V6SlqtWW,albanian hip hop;german hip hop;german drill
5EcqAo2mBsnSUeQsIgsY8q,russian hyperpop;russian drain;russian hip hop
2sj4rMabpUWzy6xATdkM0u,ghanaian hip hop;asakaa;south african hip hop;ghanaian pop;ghanaian alternative;south african trap
4I2OqJ0qap2HFxq3JlTION,south african trap;south african hip hop
7uloC7Sgo5KNFKrgRepyhJ,south african trap;south african hip hop
0M5Vaj3y4yhNQ1PX471F8P,v-pop
67nepsnrcZkowTxMWigSbb,hip hop;canadian pop;canadian hip hop;pop rap;slap house;rap
7hdlsVcSvHaTjBoAUYkDfc,
4Yzlz45QgjUKZmN2KrK4AP,ukrainian pop
1qzvzPfqzpNQ01ZBOEkVlf,k-pop;k-pop boy group
5g5vNMF2yJjWtERlMykJeD,swedish trap pop;swedish hip hop;swedish drill
2dSAFb1xzoJffGzfxU4BaE,swedish drill;swedish gangsta rap;swedish trap pop;swedish hip hop;swedish trap
1KB9MeVcnX2rjNGRYvP4aU,swedish pop;swedish indie rock;swedish pop rap;fotbollslatar;classic swedish pop;gothenburg indie;swedish idol pop
56flxHBv6c08oCUjQhXeb1,swedish trap pop;swedish hip hop;swedish trap;swedish gangsta rap
5jjPoxrz3NRainOx1DtAPv,romanian trap
2aVHbey5IovZh4mnKN2AcT,polish hip hop;polish viral pop
1TcS5QMzEZJiCaRjUTCduI,polish hip hop
0SKtwweSzD6GfrTnOfHq3Q,polish hip hop
2ruaU00oF7QNnZl3pU6IDo,norwegian pop;norwegian pop rap
4EmH2iRucAgCOnhuJRotUi,brostep;progressive electro house;dutch edm;pop dance;house;edm;big room;slap house;trance
7jBqqJNT5aOCkuyvrd7scH,dutch hip hop
00E0Z2jrF7reoHps4zcbWQ,electro house;pop;slap house;pop nacional
2PwqZgaeEsJ1SAPF6RmMmm,dutch pop;dutch indie;dutch rock
3zkb0907pOJqU7m3Qh5hB7,dutch hip hop;pop;progressive electro house;dance pop;basshall;belgian edm;pop dance;electro house;belgian dance;dutch house;edm;big room
08tSNwcNYM9yjuYF9jFvOu,afro drill;afrobeats;nigerian pop
2NFBDZFK95swjezcgK6cfu,afrobeats;nigerian pop
1AZbs0L3SkXe625DKp37KQ,urbano mexicano
5mi7RZUIG5kxPAL0PFFtTE,irish pop
0H6ZI13dLAaARmJ3AIPzW4,irish pop
5iJMWfIWcL4fiYbK0SvkXg,hungarian hip hop;magyar trap;hungarian pop
5T7eEaieasnflXh6iPLlrK,hungarian pop
6j9BoWu8ows9OtIeSePZ9K,chinese indie rock;hong kong indie;twee pop;hong kong rock;chinese indie
1UdxSRCOnftG6I2dVBkHXH,cantopop;hk-pop
4uvnHIXK2Pk1AYjBLI5IYG,r&b francais;french hip hop;pop urbaine;rap francais
6EMR2TqTujy6ZW00ag7saG,
3jwwDoR5wW7XFsxVVa5x5D,
66BrGVswrL7ZPlumgSLRSs,finnish dance pop;finnish hip hop;finnish drill;finnish pop
1P5dnsR8u5iyEsyIuB8t4O,
2JUk53yq4ckNbdXwstAe2I,finnish dance pop;finnish hip hop;finnish pop
6NSjIm8OZLsjcJQgUdsGNr,finnish drill;finnish hip hop;finnish trap
2lvCRioElAZPAgqWCV9a1S,finnish drill
0Hc5xVRukKIIAzjM5m3O1p,suomirap;finnish drill;finnish hip hop
1FtibWDIm2kxf7zOlUcXvx,estonian hip hop;finnish pop
6yt46G7lWn0oC2FEZZDsi6,
5hYKVNA29m8lOTLQOjKExN,danish pop
2u6qnTEIn0jemEwJJW147m,danish pop
13ORFYlIGeLnai3mhgKFxZ,
6OpqjaayXiYMijD5HYDEE9,danish pop;danish hip hop
1BIlJwEG65zHLto667VpnH,german hip hop;german pop
5ubmSKu7he4u4dLW9eoLSt,german hip hop;german r&b
2cJsBA3fbleMmnlveGVBlo,frauenrap;german hip hop;german pop
5FIOk2jFbke8PgU1xh6E24,german hip hop;hamburg hip hop
3gro2tfkybWGoK9MflVLWs,german trap;german hip hop
2DynufiRAu0Nyn5TM1Cdpx,german hip hop
0bILU0UiNDmA5Ff6whhb2R,modern country pop;contemporary country
78Du4CMFgnhdlG33gblkiP,modern country pop
658Ix2xJDw8uawc2lVJa4k,russian alt pop;russian hip hop
5zY67xklnEIibnmaJHvzvk,russian grime;russian emo rap;russian hip hop
5ATI0lvKqfwKUCDax8HzYS,russian alt pop;russian hip hop
6NRJiBKCEd7Zip8gW0cYuD,russian alt pop;russian hip hop
09c1WjuWwQVaC6ylMyEmCH,russian gangster rap;russian hip hop
3Ze32iucxa6iuloBHTfmuJ,bulgarian pop;chalga
4ZXqF3KNXMeaeS6VukUKFD,bulgarian pop;chalga
1YdavvpHweXYPkKuxg40Ha,dutch pop;channel pop
5FmcqoKNe4pZqWrCVlVASl,german hip hop;bayerischer rap
0DpNn64QE2d5nDy97VoimC,south african trap;south african hip hop
1uYaQjTs4OGZznvt88iTwE,south african trap;south african hip hop
30KLjH8zu6QFz1LxbTMu6u,south african pop;south african hip hop;south african pop dance;afro soul;south african trap
6n5M2Al3QgTScpO4AZH9OI,k-pop;k-pop boy group
05zxU4ZY8mMfJJsiVH1Sjg,
0EIUssA2gv881GM16RzSQy,romanian trap
4DtQZIcQCsZx89Ur1ouilo,romanian pop
6DefzsWqnwrFrmNVnJxWkS,modern bollywood;pakistani pop;classic pakistani pop;sufi;desi pop
3xY5aYJcdvZX9xQxNd02ku,metropopolis;pop;candy pop;art pop;uk pop
3Z19t8pNaAHqlLmz2LuwNa,afrobeats;nigerian pop
6f4CAdAmrOfGH3FOfwHMSV,k-pop
0HJd4ynGL3mn0p2o6WE9DI,rome indie;italian pop;italian adult pop
1i9lZvlaDdWDPyXEE95aiq,hip hop;pop;trap;atl hip hop;r&b;southern hip hop;slap house;rap
0dAUZoRp9bKsVrFNzqz8E8,kollywood;tamil pop;filmi
7xxmW8ieHp9YnACGc0PfNz,uk pop;folk-pop;irish pop
5IhULiOyG58jL20qWkztEg,dangdut;dangdut koplo;lagu jawa;javanese dangdut
5HiMjc8jz0OeTnUQgp15FP,hungarian hip hop;hungarian pop
34oPAKE1SIIqR6mela35iL,greek trap
2lMvfEtDWH2luscLSztkMD,greek trap;greek hip hop;greek fem rap
1ucfIAu4IwIXxkl1fstUim,greek underground rap;greek drill;greek hip hop
0sazgd7qckzMWxJ6IHcRFv,french hip hop;drill francais;pop urbaine;melodic drill
1ETPrordns62g0uNKJmTre,
1ic0b3srMKuadfg4z9TSLK,danish pop;danish hip hop
55DX9YxVE5u4qUhdQWAwy2,german hip hop;german r&b
0B1rCA4jxosOrIQFDqdE8A,chill phonk;russian emo rap;russian pop
181TYnNi3wNGrdsCykmI4A,funk carioca;pop nacional
0NfP4dGLMk5WnufZOEC6aM,ghanaian hip hop;asakaa;south african hip hop;ghanaian pop;ghanaian alternative;south african trap
0VMcatJMemimNFqZsD0RDQ,south african trap;underground hip hop;south african hip hop
4rVq1URJXRKA91hdCjjn8m,chill abstract hip hop;boom bap;virginia hip hop;south african hip hop;south african trap
0Qs29ApstkrU5T8S5Hxazw,v-pop;vietnamese hip hop
7td8DTWoGC9u9db37mGHX6,v-pop;vietnamese hip hop;indie viet;vietnamese trap
40PKBUQRjtW2pUg4zv3y7r,k-pop;k-pop boy group
6Es0Sxn1yE7L0T1YxrYHKX,k-pop;k-pop boy group
52EgkN1E6pqOJ0AL2YWxfs,deep turkish pop;turkish trap;turkish pop;persian pop
1m1aNI4vjnwmrxateBIXgK,t-pop
1TwTHhkLEU4XcDRobMAUaW,rune folk;polish folk;polish indie;polish folk metal;polish pop;polish metal
2BPa0sBKlHwszAEowk8JFn,polish hip hop
4NpJZ2kGasAI9IS68nNc5Y,polish hip hop
79A1xsJMRAZzLhegAhH5CD,rome indie;italian pop;italian adult pop
4U4vgPosXiDSjR0gHQmvN2,tamil hip hop;desi hip hop;desi pop;filmi
1cPDOeVdALLjj4erFPiuqW,kollywood;modern bollywood;tamil pop;tamil hip hop;desi hip hop;filmi
6p8DwAh6wJ7S6jmpyYlBYp,modern bollywood;tamil pop;tamil hip hop;desi hip hop;filmi
4FTGTibd0V8qZOTMwx7lG7,arabic hip hop;middle east hip hop;palestinian hip hop
3W1PkgCfIPLjKguevwmyrR,estonian hip hop
1aHKrWWY5wjcAjT7etccIy,estonian hip hop;estonian pop;estonian rock
5kUn3rYvaxMzYjHThaoo5g,south african trap;south african hip hop
6dCcUEoqDOtQnfqsVxLEyS,south african trap;south african hip hop
10Cnsm4CZl9shbj5jU32As,south african trap;south african hip hop
6HmiaxYKrzq3sU2M0eFDg2,south african trap;south african hip hop
7h69br1nQFSSgdVQp6sPx6,v-pop;vietnamese hip hop;vietnamese trap
7FTIhb3oMl8SZ1XbUoKbf2,russian hip hop;russian underground rap
19FhhS93siEpzNIUG0J7Xa,cloud rap;lgbtq+ hip hop;emo rap
2KwOuFfwQyT9mZqjvchd81,k-pop;k-pop boy group
0ZPjVmof45INEERgYfadtv,k-pop;k-pop boy group
4aozcUwwPK4A8cfRti0mhI,romanian trap;romanian pop
1dXz3W52yl5aRqW2nbc2kk,polish indie;polish pop
7vAIFnO5Na6SjXow8z6rSx,polish hip hop;polish trap
4POfce5YCaTN2HGoWZdPyg,polish indie;polish pop
0SsOMCjOCpit4EfFpwjcFW,bedroom r&b
6tgcr0z6mmLJL4qeRF6oen,rome indie;italian pop;italian adult pop
33zWUivvsRkfnOYx4FUmPt,hungarian pop
6wpj0XOOx9rJkoNYCv2d7i,greek trap;greek hip hop
5tFxDBCS5t0af9v9HiysLr,r&b francais;french hip hop;pop urbaine;rap francais
7l0PQwiw5MZJhBSt7zMLwv,bulgarian pop;chalga
6FSOibqLCbhFrmGdqMbwiZ,singaporean pop;singaporean mandopop;mandopop;taiwan singer-songwriter;singaporean singer-songwriter
7jzOZuWgZ5gaMet9V5Ix1d,k-pop
5gUaqAYNgO2yclwM5seMFm,turkish rock
180AbZduI6bYQIzwCHRwu9,gen z singer-songwriter;indie pop;bubblegrunge;pov: indie;bedroom pop
1Rl4O8fqcMTBN8o2rilFBL,
0LqMjug9C2LLSxsLfco0tg,swedish jazz;swedish soul;swedish electropop
5d2lkJfRpza95F0c1ZhTfX,polish hip hop
5op6kdhlMQ4L0KH30GCZ5T,rock;album rock;british invasion;classic rock
0eFMbKCRw8KByXyWBw8WO7,k-pop
2piySGAWgVwsRKm60SfOmF,j-acoustic;j-pop
3YZQseFqB5LVy9VcfVv7dp,indonesian pop rock
2q7sfsG3qyoMvfQzKdhC3K,
4izmyQcssvHEpC8cCFqQam,french hip hop;pop urbaine;rap francais
5asyOj4gG21a2pKzqBIMOk,cubaton
7gLAsZ9ZLXPzwhXefnvKcg,
3anybyqWui9HOrXTXTm0XB,belgian pop
6FfM6gKz4Qt5B8ou1AE89Q,south african trap;south african hip hop
0RxRpGX5IzabQpjn6zGFTB,south african trap;south african hip hop
3Dp93YmW29wCN1QRNxDujP,south african pop;amapiano;south african pop dance;afro soul
2kjH4Q6WxvlpGnlgwmv4eG,modern rock;pop punk;socal pop punk;rock;punk;alternative metal
6GdhBJBl51BAITWjFyhbtl,scenecore;sigilkore;krushclub
1ZR0d3zqDLaTEPD4nW4gGK,slovak trap;slovak hip hop;czsk hip hop
77DrYoEEBwIF1WiuwrTlzG,slovak trap;slovak hip hop;czsk hip hop
5hdHTyA75Dz5OyV4Xeel3V,slovak trap;slovak hip hop;czsk hip hop
4CzSEr6SjL2cRnWEPmG0QK,swedish pop rap;swedish hip hop;gothenburg hip hop
7qJez6y4GfrEoLVnHjBr0J,classic swedish pop;dansband
6xYeTISkTw4S9K9hJgr1KJ,classic swedish pop;dansband
68U6uwfsa0W9dZKZYo1uL6,manele
59RuYP6jN7K4uxDoCNlqlL,polish indie;polish pop
5z6xis1rcEjjs7MuM4eL1x,
7fZlCmEKhOsG9klW3e2qEn,russelater;norwegian pop rap
0bL5tco8cV95q5FNFzxzUS,rock;album rock;british invasion;classic rock
5C6p9XU3B36GPyfzcNBP6R,rock;album rock;british invasion;classic rock
32rT4NEzA9SH57FdFBkajG,rock;album rock;british invasion;classic rock
0Ag6LNrSfJVKRhGzD7ArDq,rock;album rock;british invasion;classic rock
0PyGmZCJ65xZBhXqCGYWlC,british invasion;classic rock;pop;dance pop;album rock;rock;art pop
1JgVMnVVOhPBmUDD7SYva3,dutch hip hop;dutch rap pop
4yOAYf9yYNT5Pq3iuuJcUa,rock;album rock;british invasion;classic rock
6ZPz7V1JLOcqPjMnJnwyJT,rock;album rock;british invasion;classic rock
18jFtQZUqk4n4lzmjweLq5,afrobeats;nigerian pop
2al7bELNOLyTgTwkgCjv5J,
2yMJuPe0zsr8bxjEY3dZTi,dikir barat
6b1FtAPClgZMtCRiWt534T,chill drill
6XH5Uqo3d0cvBv0dv9Jwh8,melodic drill;manchester hip hop
4ckEvXcaBNkzjtqbfYxXGe,french hip hop;pop urbaine;cloud rap francais
1nS7nL6Kyh8p0DOglJTdfD,korean city pop;korean pop
4o3d5M5vRQsacmS9d5Y9kB,rome indie;italian pop;italian adult pop
1fz4ovlT1RvvkokF1GRuYF,rome indie;italian pop;italian adult pop
5s8r7FStF8hGauIO9rOlfF,rome indie;italian pop;italian adult pop
43LI7DylyS6Cw3zMAEyyK5,rome indie;italian pop;italian adult pop
5inzjqKe05zP1eInEO8O1i,tamil hip hop;desi hip hop;filmi;modern bollywood
4C7cg72gU51s1IT4wh7Vp9,israeli mediterranean;israeli pop;mizrahi
46TdVjDXpTKcPqsHItxDKn,french hip hop;pop urbaine;rap francais
5upp18sWYDfl5mt22PkpKJ,french hip hop;pop urbaine;rap francais
0tGshe4WNGp7rvXHxDQvbH,french hip hop;pop urbaine;rap francais
6mabgsLAUmCQmWunduWXgr,french hip hop;pop urbaine;rap francais
2ohO63bidj6AMGmRxqWGt0,french hip hop;pop urbaine;rap francais
5hykFjl2n0CpLS1yYTvdMX,finnish hip hop;finnish trap
4d8H46Vif1ySvApG4WS2J8,finnish hip hop;finnish trap
3YS6ps8C4Dh3DbizRvgpjc,finnish drill
6oA2XNlyXtGl0y49bdwIoI,urbano espanol;spanish pop
3jpoHW9PURchPZ5QhBUvcB,estonian hip hop
4DKx6WQNUY4rovNtSWZee7,estonian hip hop;estonian pop
5wxo0JPn0HzwIp58dz9zCG,estonian hip hop
2JQs2lWo7CwrWKjuz34lAo,estonian hip hop;estonian pop
2keinRQHJcZlwL0B7NM3zt,estonian hip hop
3FZQIdPsmOUXEBIjUc2uQk,estonian hip hop
4LgJS8l1lpHUYCuVpVjbuO,estonian hip hop
0pOsvtGX3tuYk0CKf0cxij,danish pop
3eBZvO3q5DlsC8q578fVmK,danish pop
09YpAeK3XsbIvhkIfwAYUe,german cloud rap;german hip hop
6kxLxd8sYDnUCQU7j14dHd,german hip hop
1KVRICIgKjo1RTB3ZRkAL2,german hip hop
2n9mhw8QD22FClNn9ye03T,german hip hop;german hyperpop
65sTVVVMDnczku5Gt2PTmt,czech hip hop;czsk hip hop;czech drill
7Ia618v9vTRNpaZXtBsHrt,russian hip hop;russian trap
2QpHD2ERb4aVu3VePDlJYV,
37vQo8j33koOfhL5qK0YId,bulgarian pop;chalga
6pb5DtlAeG95dNQLHiArRU,progressive electro house;romanian house;dance pop;german techno;pop dance;electro house;eurodance;dutch house;romanian pop;edm;slap house
0w3Mfe4PIVjuFjJbe3OlYv,hip hop;canadian pop;canadian hip hop;pop rap;rap
3HCs7v1ac2ReqcUlTs7YVm,amapiano;barcadi
5KLL3jbaiks9Shy5ohz6oG,v-pop;vietnamese hip hop
3g0Dwgd36QRmPecFIoubg4,v-pop
2J6OF7CkpdQGSfm1wdclqn,rap;r&b
6SePnvTZkIXZznc8Ftc6vM,k-pop girl group
0eFRk9wgFPxg6iXhDjvGAo,taiwan pop;chinese indie;taiwan singer-songwriter
2JusqhuSgWouMe0CXAWcGN,swedish drill;swedish gangsta rap;swedish trap pop;swedish hip hop;swedish trap
6Vzl09EVLdB1MTZdDwm2Zd,polish hip hop;polish trap
3WX6nwhznaVTD9CazfMV4F,polish pop;polish hip hop;polish trap
63NqA1azM8ogGsJa7tFCRg,polish pop;polish viral pop
0L4BkyT2W2hjR91aVFCauZ,norwegian pop
3r0aM0M0toxEPbkYtXhNAZ,danspunk;russelater
4uoSxzvEVMcDsIK0aHZFAv,dutch pop;dance pop;mexican pop;grime;latin pop;dutch house;latin viral pop;pop rap
0PGAJhIelmtWlfQVHeFa1A,dutch hip hop
4tvoZzMGhx23HAlS5GUVCa,afro drill;afrobeats;nigerian pop;nigerian hip hop
5qYHD8Mu7HSC9RFzqkLmBA,nasyid
68cUJFq7aAbgeurngTmngL,corridos tumbados;musica mexicana;sad sierreno;sierreno;corrido
7wj8OXiqdAfNsnWm2zRV9e,trap italiana
4460AP9uejzHSNqNxTXzIM,icelandic rock;icelandic pop;classic icelandic pop;icelandic singer-songwriter
3Nl5OkkmS5DaBZvuYofpAt,pop
0YbFEoJi7Esa7lhIrEpBjl,rock;modern rock;pop
0O4jcIw70DqQGHHn0oseUn,
3LLnO4U1A5CJFtdP7AwasZ,finnish hip hop;finnish trap;finnish drill
5Om2bI3bo28V7XKvDHYy7d,finnish dance pop;finnish drill;finnish hip hop;finnish pop
6aJc9yW2geBF4OsrqOslOQ,finnish dance pop;finnish hip hop;finnish pop
2yREzJnpX353biub9EZiAI,estonian hip hop;estonian pop
4sGUkfsLxIK4tZxLZt0unU,danish pop;danish hip hop
264O5da5Insceb26qjx5tF,danish pop;danish hip hop
1dCrghiVlmSKKRXQS95W1T,german hip hop
2Gk6fi0dqt91NKvlzGsmm7,hip hop;slap house;atl hip hop;pop rap;trap;rap
5hXCTV8OCsNak8OVry7yzM,
1DxEbt6OSbrkRthk6pjZue,cumbia pop;trap triste;trap argentino
6qyS9qBy0mEk3qYaH8mPss,drift phonk
60ZuPJ8kseTn6isqhyxpCi,t-pop
3vfwUrq22haMmIJyyyI7Hq,t-pop
7ifhAM3ObwyI92K2P8Dl6z,swedish pop
6nIDYdHTS2o3IMlTEccCm2,romanian trap
3Aq8OvogNStehUPJcNDEZT,afrobeats;nigerian pop;dancehall;nigerian hip hop
02wk5BttM0QL38ERjLPQJB,k-pop girl group;k-pop
0hlBI8n1v5F2mj0tDIM5ai,israeli hip hop
02hXZxgl6XwtAdK9y2sb6B,israeli mediterranean
0NdV41q6lBoO4WyCaZmIJU,israeli pop;israeli hip hop
2jTrNOXo88jG31MJZEYuKb,cantopop;hk-pop
0TsD4iSubzoyfG0RcfWIHR,greek trap;greek hip hop
5VxmI3IdgAxWVvUnJoLuY2,metropopolis;pop;candy pop;art pop;uk pop
1yxJ4SoCjmxJWvI1pN7Qad,finnish hip hop;finnish trap;finnish drill
331oEKKHECAkRQhnMJMiGG,german hip hop
2nibvvDdAQkVraYP00z2RS,hip hop;atl hip hop;canadian pop;canadian hip hop;pop rap;rap
4uVJP9HxCgiLPyfFBSxkE8,south african pop;amapiano;south african house;afro soul
6ZG7EV2sV2M1MI9XxANAdF,danish indie pop;modern alternative pop
5XseQZ9TGr06Rv1Ye6wCu0,hindi hip hop;indian electronic;punjabi hip hop;desi hip hop;desi pop
61iDSv1MgCsdo0zKXGxvCO,afrobeats;nigerian pop;nigerian hip hop
4ktTjOAAb4nYUSWDunxMeC,greek trap
5t4ea9v5BSCWNw0aMzUoLd,laiko;greek pop
7E8LK4R9gAkSG4CD1kqvsX,czech hip hop;czsk hip hop;czsk emo rap;czech drill
0SWDToufOxRVIngk8c1oZi,sertanejo universitario;sertanejo;arrocha
5eID9KNVJV2fDSPQGzQHQg,sertanejo universitario;arrocha;sertanejo pop;sertanejo;agronejo
26ObOMushZ72HM9PAEuOOO,
3hUk7wHp5Ruas0FLLVW69c,tuna;portuguese pop
6xMpDmxF3jsTrBBKuYFmJq,norwegian trap;norwegian hip hop;norwegian pop rap
4fWaQxKUOW3bYJ2R1qDRzR,
1TNMWejP82ZdXQ7qVszEAo,nigerian pop;afrobeats;afropop;azontobeats;viral afropop;ghanaian hip hop
7eo9YPXQqZjB1DxYAnvHqy,nigerian pop;afrobeats
2noVi0LCf3yUlyARZB1Mw7,viral afropop
1WhkbEoHWXTeL9dzikqJsY,kazakh indie;central asian hip hop;kazakh hip hop;russian underground rap
6ezYHltHYhuJckdCsYsRJI,k-pop girl group
6SwATVDZUy3jha72jDyxe2,j-pop
0bB8hmswtN9WvOQXV159CC,trap italiana;italian pop;italian hip hop
7v4C0Bh0UUIr54Y7h86GPW,italian adult pop;italian pop;rome indie
0D3QZNAMH2d5MFkVlebo6h,trap italiana;italian pop;italian hip hop
7EiZI6JVHllARrX9PUvAdX,pop;rap;hip hop;canadian contemporary r&b;atl hip hop;canadian pop;southern hip hop;trap
6O1RAYwmOqkcoJQr7J9SFJ,desi pop;filmi;modern bollywood
0s5Bv6nKQcTZNHk6kNGP5y,british invasion;classic rock;psychedelic rock;merseybeat;rock
69zAnyBtarXinChSUq925t,rap marseille;pop urbaine;french hip hop
40SGFYkwJVWDfLD8tay2OI,finnish hip hop
08mPohxtKuoyl97OQEq38I,finnish hip hop
0Ch46DVttxlt7dNSkYcpZG,finnish trap;finnish hip hop
4ahgBdpusrRaPyoH1Skh1h,finnish hip hop
1qmWhud8dSCh1WxZnwaR2P,finnish dance pop;finnish pop;finnish hip hop
5grPmKSW7p7wxMzaje5SRP,finnish dance pop;finnish trap;finnish pop;finnish hip hop
6FlgcrEoaGurTfbcSeqHVm,finnish pop
0IJEnvu1p4OIzkY8UiQXCt,finnish drill
2WwAsPZ5eBwihvFv2uXGl4,finnish hip hop
1kVdiCJmRG8NCLMi5Wk1Ga,finnish dance pop;iskelma;finnish pop;suomi rock
1YIPoktkEBmQhwdeEWZTEJ,finnish hip hop
0WaM1Gm2pepIsQOGtUfEKG,finnish hip hop
2sa9m8OLLjWGBS96w8kR2d,finnish hip hop
3K265QDIKTbM1MitKJdgOZ,
0kQtFJbzjpVkrUQyh7hDD5,egyptian hip hop
1C7lXfx4Y5maVl4AgUVlHA,trap latino;reggaeton flow;latin hip hop;reggaeton;urbano latino
0N9RX5PKyLlOKklH5bYtNH,german r&b;german hip hop
2LCoh1sop5AYzRBVDHFoiK,turkish hip hop;german drill;frauenrap;german hip hop
73JHeIhYKRV1c6RI4ZXsjW,german hip hop
3FkKvUfVnxmxdHrXwuI5vx,german pop;german hip hop
4g79mlIRCMtOvi1ZJVpq3t,drill chileno;reggaeton chileno;urbano chileno
6Y5Bgoz421cN2AioH45NZv,russian viral rap;rap;memphis hip hop;slap house;pop dance;electro house;russian hip hop
3xfiWjgYDcEGMzYTykkk1u,russian hip hop;russian alt pop;belarusian hip hop
3U7iXmjXJLsgn0EM23q4ag,russian drill;russian hip hop;russian trap;russian viral rap
3eXbmQ58zo1jULMJJzn9jC,russian hip hop;jersey club
3P2ubMyuL9NQOVU67TVCXA,funk das antigas;pop teen brasileiro;funk 150 bpm;funk carioca;pop nacional;funk melody
0fq2RzyyUoqELsONRF8ZzP,german hip hop
4zYHsmc2V9RyR8eOA0mlx6,trap latino;trap argentino;pop venezolano;argentine hip hop;urbano latino
2b6iksHOJYwowL2R5OXwPl,romanian trap
3mkTYCqErrz0Er7KVScfxv,polish viral pop;polish viral rap
1X9zmng42hJSwZ3gz8Q9v7,nigerian pop;nigerian hip hop;afro drill;afrobeats
2TqUQbVg1bgahl09szanuE,
1XchSQ2367nORjbsvO7ysb,lithuanian pop
2vJreatDgwtXWKpkqpPUZ3,hk-pop;cantopop
6NddoCdcG3lrzL4q30Wo5F,greek trap;greek drill
0RHOUjIUEVsbLsYP2VLKVZ,finnish hip hop
04TcSXoEPD9fNkEQaKEzdj,finnish hip hop
7IzAHtKPBETkdC644MkELY,estonian hip hop;estonian pop
3ZOEytgrvLwQaqXreDs2Jx,funk rock;alternative rock;permanent wave;funk metal;rock
48UPSzbZjgc449aqz8bxox,funk rock;alternative rock;permanent wave;funk metal;rock
64BbK9SFKH2jk86U3dGj2P,funk rock;alternative rock;permanent wave;funk metal;rock
79wR3vOEBkSJbHQNRDUGWW,russian drain;russian hip hop;russian viral rap
79GaUHpyHosiSGLUtYTHBd,russian hip hop;russian viral rap
2ItNKt19iqefEe590Z9GeE,pixel;otacore;pov: indie
64FzgoLZ3oXu2SriZblHic,pop
4v1eCQCl3d5w8a6Czv4qTv,turkce drill
10SXKV8mddSJm6Dsj0Oe4s,turkish deep house;turkish pop
1a9CYYvZHorDJpCICeo9VV,turkce drill
4pfjFUrtfnnkADqijqKmzP,t-pop
4pRmXzB5gkQXkfEOLfwJQx,polish hip hop
3kjMeY6ZgOZYAFRiPHMqmS,polish hip hop;polish trap
5OVD56aqdB0BmEzFXwvito,polish hip hop
0MhL6QodqjEjbsTeMcCFMc,
3wg32q0Nj0h2bBlakotaPw,lithuanian pop
34a6vjzt60Ah3Hmg0hwWi6,
1Jfouo7BPAseH72MXYNS9n,
16NPQQxjcSfhb0UFaUVw5s,israeli mediterranean
7DnAm9FOTWE3cUvso43HhI,pop
3N2WeXxSjngB1DSi8vrI8C,indonesian pop
5SN8g3koBFMIJdB7icMzk3,rap conscient;cloud rap francais;pop urbaine;french hip hop
2rpbU67Z8u8D21wdP9ObRU,rap conscient;cloud rap francais;pop urbaine;french hip hop
3Yw6KJjm8ycybvl6UdW9dq,trap latino;rap canario;colombian pop;reggaeton colombiano;latin hip hop;reggaeton;urbano latino
2Y1OOwaotmLil8JWQIBEVQ,estonian hip hop
2TQGWKeDm0eQr2xdzCSN70,estonian hip hop;estonian indie;estonian pop
2aibwv5hGXSgw7Yru8IYTO,funk rock;alternative rock;permanent wave;funk metal;rock
10Nmj3JCNoMeBQ87uw5j8k,funk rock;alternative rock;permanent wave;funk metal;rock
0aGQHMr7bc23Y9Ts84ffop,funk rock;alternative rock;permanent wave;funk metal;rock
1f2V8U1BiWaC9aJWmpOARe,funk rock;alternative rock;permanent wave;funk metal;rock
6UyMkM4523bYKwHIIrfuJu,bulgarian pop;chalga
6ENf77i5DmXDimXle5Ux3C,mandopop
2RJ7Q3gHb6cOeNBioSARni,thai indie pop;t-pop
3VmhkkVCfWF8GEhYcnEy1z,czsk hip hop
5bL7lLuBr3is5XQkkq0aDJ,hip hop tuga;musica madeirense
5PlvEOKEO40fwk1qHXGuH0,urdu hip hop;hindi hip hop;pakistani hip hop;desi hip hop
29xr6qxvadrU5bIYywqRlW,nigerian pop;nigerian hip hop;afrobeats
2bKcKMDU9JHtLJ8xeHR46X,nigerian pop;afrobeats
3gengEn3je6KGekvgNnHxA,german pop;german hip hop
6I6Pr0gPQJlvSTctTMVI94,lithuanian pop
0cOg60dw1LdwzrDEZuAeLC,lithuanian pop
0zqGsExr8GxWqoaYaa78xU,k-rap;korean r&b
0ofsKCwrfh6wigMU9IHsAF,italian adult pop;italian pop;rome indie
26Mb7G8uQIo2uXYnAAUFUn,trap italiana;italian pop;italian hip hop
1SfP5ccRKd3152ZwCbhS38,icelandic hip hop;icelandic pop
1JHNoQh4ng0GxiDxjPeqBL,icelandic hip hop;icelandic pop
3uQbheRyseXLdblWD613NZ,icelandic hip hop;icelandic pop
2mZaUAjM2b6GUGwHMOjgQf,rap conscient;cloud rap francais;pop urbaine;french hip hop
2jH0AqIwoPWMtG1d5z1J6a,rap conscient;cloud rap francais;pop urbaine;french hip hop
5ai7jBIyIC7KqJ4j0qJxfT,rap conscient;cloud rap francais;pop urbaine;french hip hop
4nyBlmu7zQiuaJjIGKe1qQ,rap conscient;cloud rap francais;pop urbaine;french hip hop
03taSSoKs2Q6Y0oH5t78Kt,rap conscient;cloud rap francais;pop urbaine;french hip hop
374qWICeo4ff4xAWo20N2F,finnish dance pop;iskelma;finnish pop;suomi rock
3ls1huXteZ0x7odooGpSMY,finnish dance pop;finnish pop
6Bc55onCuouUiPcY1abddK,electro latino;electro bailando
0F2xORrS26LJ7z3T6wVeJ7,
5D36tN8u2LSrXmL1CnhhhQ,russian drain;russian hip hop;russian trap;russian viral rap
2Ck3IZ3qSf0Csaf2GAhIS2,russian drill;russian hip hop;russian trap;russian viral rap
5lr7D9JQvMzmnNQ6yM6T7a,amapiano;barcadi
4yu5rGWvXcv6Yih8NC3iL7,afrikaans;afrikaans hip hop;south african pop
6KRsQtqdY4EilCDbWW1EgV,kinderliedjies
2PGxiV2TSgVHd02eBd0Kz1,kwaito;afro soul;south african pop
3vdju075mBX4GrJ0ZvojZn,kwaito
0UmCLFSIFAeKNklo0OQBOE,
3clZuUiF7kpYwHqqPp1ODb,turkish pop
3zvVdOWNaByAZBAPfNKb30,karadeniz pop;arabesk;turkish pop;turkish folk;karadeniz turkuleri
4sw8J2dZcT9lQE0kRfSaar,urbano chileno
3YT1YOdnMB1YsbHfOUzoPm,
7ufaG4y5Oy7HC5Ig2RwiII,rap conscient;cloud rap francais;pop urbaine;french hip hop
3IgEWo5IVygGPj1gIXGnEK,
6kLRi2qooc66a2gBWCy5hO,afrikaans;afrikaans hip hop;cape town indie
2kdQY3b6dDRGonyIzcWljc,african rock
3OFwjx4x49bqIi8W7kRzzV,kwaito
0F7pij0rEvmbMaqzckKHNi,south african choral;afropop;world
6ggmioMS1gYK0I5AAdv2NH,polish hip hop;polish trap
1p5GikXPiCkw5T2VrSPrO1,nigerian pop;bronx drill;afrobeats
6vGIf9ajywvcQzIdQVGnwG,nigerian pop;nigerian hip hop;afrobeats
3CmeWai5fvSIvgOy8Nw6sc,
3LbDqWLb8r2Ok6QN11iX8s,
6NMb67Ozf3rAwvtLjvL18v,rap conscient;cloud rap francais;pop urbaine;french hip hop
5b9ic5pD7G7VsABtoW1zGd,
5TfBut13yg4mQ1HFfHIOt5,german drill;frauenrap;german hip hop
3bSdSvGsYkPE48DktgEBZl,russian hip hop;russian viral rap
5FJssp1RN96K5AI7K2gJLY,russian hip hop;russian trap
65UliXqF4kM3qJbt0YsYvL,amapiano
7qzQfE2se3Ai5reZcxs920,r&b;rap
2e2dOJMIieLvAh2g7kN9dP,pop venezolano
2dTBLcAGxJNoEcMyA0txeg,swedish hip hop;swedish gangsta rap;swedish drill;swedish trap pop;swedish trap
2qaLGs4i8KjajslMwpA3f6,swedish gangsta rap;swedish hip hop;swedish trap pop;swedish trap
2qJ4IpSiX2EOMKwAuMvngO,romanian trap
1H574tTk1yBXnDfdfW8woR,polish hip hop;polish viral pop
2HbTwmup8SWz5tMcKZXFLh,afrobeats;big room;pop;pop rap;rap;drill;trap;hip hop;pop dance;chicago drill;edm;dance pop;chicago rap
7IdbB0rUe41sCXab98an5s,norwegian pop
3MWFPfsyvLWKceLAPx0hHY,norwegian pop;swedish eurodance;danspunk;norwegian pop rap
2KbFskDFrgLGKBKIVDrzbh,nigerian pop;nigerian hip hop;jamaican dancehall;afrobeats
2ZAlI005a5nE5ys5QGOiQr,nigerian pop;nigerian hip hop;afrobeats
0J0zVe6dR8atTdiWfIBFP7,nigerian pop;nigerian hip hop;afrobeats;uk drill;uk hip hop
5GU7NV6PiTRmxWb0Q5D4eH,nigerian pop;nigerian hip hop;afrobeats
2qsMmsGUXoXP3l78AHoiEn,nigerian pop;nigerian hip hop;afrobeats
00tUE6zCYP3B4Kb4fL76Kd,lithuanian pop
7JQjyjINzsexX0eZTijo1E,lithuanian pop
4BZuHDcmgmRaAwPd6IO7MY,k-rap;korean r&b
6gsWZq8WFyHarPDRhs8Gf7,italian hip hop
50A2O8cyECu8gcIxOkck8p,trap italiana;drill italiana;italian hip hop
4JpoKw3y83kB8aW5kGLuS2,milan indie;italian pop;italian hip hop
4ZftkJT496KpPzg90bJo6A,icelandic hip hop
6MZNuQvVYVh5jvSH0Q3JCJ,icelandic hip hop;icelandic pop
2SR1JrqxNAUIolQIx6OV56,icelandic hip hop;icelandic pop
70bMoHeE4bJ8AwP3qrUe1F,r&b francais;pop urbaine;rap francais;french hip hop;drill francais
7FKZix4pk2qf4SZVMOYich,drill francais;pop urbaine;french hip hop
4nZdmbr4HlIzLN4gnHFCdB,finnish hip hop
4RcBdmcjMn7qv0BeVfW8ys,suomirap;finnish hip hop
1fJvIjvIEnCxYr2mvOiWg5,
39R1kVmiHKlRHQapRMyJ6G,finnish dance pop;finnish pop;finnish hip hop
0lJHvFF2Jur0KowHti4jUg,urbano espanol;trap latino;rap canario;urbano latino
2HbrI0oakRE7qNXoK74zNR,egyptian pop;arab pop;shaabi
2zu2gViGH8vMhNMuSx6n1h,danish pop;danish hip hop
2xOym9KV2CvzXPYTZXgBym,german hip hop
3tlG0NcGrPLnM4V6SlqtWW,german drill;albanian hip hop;german hip hop
5EcqAo2mBsnSUeQsIgsY8q,russian drain;russian hip hop;russian hyperpop
2sj4rMabpUWzy6xATdkM0u,ghanaian pop;south african hip hop;ghanaian alternative;south african trap;asakaa;ghanaian hip hop
4I2OqJ0qap2HFxq3JlTION,south african trap;south african hip hop
7uloC7Sgo5KNFKrgRepyhJ,south african trap;south african hip hop
0M5Vaj3y4yhNQ1PX471F8P,v-pop
67nepsnrcZkowTxMWigSbb,canadian hip hop;pop rap;rap;hip hop;slap house;canadian pop
7hdlsVcSvHaTjBoAUYkDfc,
4Yzlz45QgjUKZmN2KrK4AP,ukrainian pop
1qzvzPfqzpNQ01ZBOEkVlf,k-pop;k-pop boy group
5g5vNMF2yJjWtERlMykJeD,swedish drill;swedish hip hop;swedish trap pop
2dSAFb1xzoJffGzfxU4BaE,swedish hip hop;swedish gangsta rap;swedish drill;swedish trap pop;swedish trap
1KB9MeVcnX2rjNGRYvP4aU,swedish indie rock;gothenburg indie;swedish pop;swedish idol pop;fotbollslatar;swedish pop rap;classic swedish pop
56flxHBv6c08oCUjQhXeb1,swedish gangsta rap;swedish hip hop;swedish trap pop;swedish trap
5jjPoxrz3NRainOx1DtAPv,romanian trap
2aVHbey5IovZh4mnKN2AcT,polish hip hop;polish viral pop
1TcS5QMzEZJiCaRjUTCduI,polish hip hop
0SKtwweSzD6GfrTnOfHq3Q,polish hip hop
2ruaU00oF7QNnZl3pU6IDo,norwegian pop;norwegian pop rap
4EmH2iRucAgCOnhuJRotUi,progressive electro house;house;big room;brostep;dutch edm;slap house;pop dance;trance;edm
7jBqqJNT5aOCkuyvrd7scH,dutch hip hop
00E0Z2jrF7reoHps4zcbWQ,electro house;slap house;pop;pop nacional
2PwqZgaeEsJ1SAPF6RmMmm,dutch rock;dutch pop;dutch indie
3zkb0907pOJqU7m3Qh5hB7,progressive electro house;basshall;dutch hip hop;belgian dance;big room;dutch house;belgian edm;pop;pop dance;edm;electro house;dance pop
08tSNwcNYM9yjuYF9jFvOu,nigerian pop;afro drill;afrobeats
2NFBDZFK95swjezcgK6cfu,nigerian pop;afrobeats
1AZbs0L3SkXe625DKp37KQ,urbano mexicano
5mi7RZUIG5kxPAL0PFFtTE,irish pop
0H6ZI13dLAaARmJ3AIPzW4,irish pop
5iJMWfIWcL4fiYbK0SvkXg,hungarian hip hop;hungarian pop;magyar trap
5T7eEaieasnflXh6iPLlrK,hungarian pop
6j9BoWu8ows9OtIeSePZ9K,twee pop;chinese indie;chinese indie rock;hong kong rock;hong kong indie
1UdxSRCOnftG6I2dVBkHXH,hk-pop;cantopop
4uvnHIXK2Pk1AYjBLI5IYG,r&b francais;pop urbaine;rap francais;french hip hop
6EMR2TqTujy6ZW00ag7saG,
3jwwDoR5wW7XFsxVVa5x5D,
66BrGVswrL7ZPlumgSLRSs,finnish dance pop;finnish drill;finnish pop;finnish hip hop
1P5dnsR8u5iyEsyIuB8t4O,
2JUk53yq4ckNbdXwstAe2I,finnish dance pop;finnish pop;finnish hip hop
6NSjIm8OZLsjcJQgUdsGNr,finnish hip hop;finnish trap;finnish drill
2lvCRioElAZPAgqWCV9a1S,finnish drill
0Hc5xVRukKIIAzjM5m3O1p,finnish hip hop;suomirap;finnish drill
1FtibWDIm2kxf7zOlUcXvx,estonian hip hop;finnish pop
6yt46G7lWn0oC2FEZZDsi6,
5hYKVNA29m8lOTLQOjKExN,danish pop
2u6qnTEIn0jemEwJJW147m,danish pop
13ORFYlIGeLnai3mhgKFxZ,
6OpqjaayXiYMijD5HYDEE9,danish pop;danish hip hop
1BIlJwEG65zHLto667VpnH,german pop;german hip hop
5ubmSKu7he4u4dLW9eoLSt,german r&b;german hip hop
2cJsBA3fbleMmnlveGVBlo,german pop;frauenrap;german hip hop
5FIOk2jFbke8PgU1xh6E24,hamburg hip hop;german hip hop
3gro2tfkybWGoK9MflVLWs,german trap;german hip hop
2DynufiRAu0Nyn5TM1Cdpx,german hip hop
0bILU0UiNDmA5Ff6whhb2R,modern country pop;contemporary country
78Du4CMFgnhdlG33gblkiP,modern country pop
658Ix2xJDw8uawc2lVJa4k,russian hip hop;russian alt pop
5zY67xklnEIibnmaJHvzvk,russian grime;russian emo rap;russian hip hop
5ATI0lvKqfwKUCDax8HzYS,russian hip hop;russian alt pop
6NRJiBKCEd7Zip8gW0cYuD,russian hip hop;russian alt pop
09c1WjuWwQVaC6ylMyEmCH,russian hip hop;russian gangster rap
3Ze32iucxa6iuloBHTfmuJ,bulgarian pop;chalga
4ZXqF3KNXMeaeS6VukUKFD,bulgarian pop;chalga
1YdavvpHweXYPkKuxg40Ha,dutch pop;channel pop
5FmcqoKNe4pZqWrCVlVASl,bayerischer rap;german hip hop
0DpNn64QE2d5nDy97VoimC,south african trap;south african hip hop
1uYaQjTs4OGZznvt88iTwE,south african trap;south african hip hop
30KLjH8zu6QFz1LxbTMu6u,south african hip hop;afro soul;south african trap;south african pop;south african pop dance
6n5M2Al3QgTScpO4AZH9OI,k-pop;k-pop boy group
05zxU4ZY8mMfJJsiVH1Sjg,
0EIUssA2gv881GM16RzSQy,romanian trap
4DtQZIcQCsZx89Ur1ouilo,romanian pop
6DefzsWqnwrFrmNVnJxWkS,modern bollywood;pakistani pop;sufi;classic pakistani pop;desi pop
3xY5aYJcdvZX9xQxNd02ku,art pop;metropopolis;pop;uk pop;candy pop
3Z19t8pNaAHqlLmz2LuwNa,nigerian pop;afrobeats
6f4CAdAmrOfGH3FOfwHMSV,k-pop
0HJd4ynGL3mn0p2o6WE9DI,italian adult pop;italian pop;rome indie
1i9lZvlaDdWDPyXEE95aiq,pop;r&b;rap;slap house;hip hop;atl hip hop;southern hip hop;trap
0dAUZoRp9bKsVrFNzqz8E8,tamil pop;kollywood;filmi
7xxmW8ieHp9YnACGc0PfNz,uk pop;folk-pop;irish pop
5IhULiOyG58jL20qWkztEg,javanese dangdut;dangdut koplo;dangdut;lagu jawa
5HiMjc8jz0OeTnUQgp15FP,hungarian hip hop;hungarian pop
34oPAKE1SIIqR6mela35iL,greek trap
2lMvfEtDWH2luscLSztkMD,greek trap;greek fem rap;greek hip hop
1ucfIAu4IwIXxkl1fstUim,greek underground rap;greek hip hop;greek drill
0sazgd7qckzMWxJ6IHcRFv,drill francais;pop urbaine;melodic drill;french hip hop
1ETPrordns62g0uNKJmTre,
1ic0b3srMKuadfg4z9TSLK,danish pop;danish hip hop
55DX9YxVE5u4qUhdQWAwy2,german r&b;german hip hop
0B1rCA4jxosOrIQFDqdE8A,russian emo rap;russian pop;chill phonk
181TYnNi3wNGrdsCykmI4A,funk carioca;pop nacional
0NfP4dGLMk5WnufZOEC6aM,ghanaian pop;south african hip hop;ghanaian alternative;south african trap;asakaa;ghanaian hip hop
0VMcatJMemimNFqZsD0RDQ,underground hip hop;south african trap;south african hip hop
4rVq1URJXRKA91hdCjjn8m,chill abstract hip hop;south african hip hop;virginia hip hop;south african trap;boom bap
0Qs29ApstkrU5T8S5Hxazw,vietnamese hip hop;v-pop
7td8DTWoGC9u9db37mGHX6,indie viet;vietnamese trap;vietnamese hip hop;v-pop
40PKBUQRjtW2pUg4zv3y7r,k-pop;k-pop boy group
6Es0Sxn1yE7L0T1YxrYHKX,k-pop;k-pop boy group
52EgkN1E6pqOJ0AL2YWxfs,turkish pop;deep turkish pop;persian pop;turkish trap
1m1aNI4vjnwmrxateBIXgK,t-pop
1TwTHhkLEU4XcDRobMAUaW,rune folk;polish folk metal;polish metal;polish folk;polish indie;polish pop
2BPa0sBKlHwszAEowk8JFn,polish hip hop
4NpJZ2kGasAI9IS68nNc5Y,polish hip hop
79A1xsJMRAZzLhegAhH5CD,italian adult pop;italian pop;rome indie
4U4vgPosXiDSjR0gHQmvN2,desi pop;filmi;tamil hip hop;desi hip hop
1cPDOeVdALLjj4erFPiuqW,tamil pop;modern bollywood;desi hip hop;filmi;tamil hip hop;kollywood
6p8DwAh6wJ7S6jmpyYlBYp,tamil pop;modern bollywood;desi hip hop;filmi;tamil hip hop
4FTGTibd0V8qZOTMwx7lG7,arabic hip hop;palestinian hip hop;middle east hip hop
3W1PkgCfIPLjKguevwmyrR,estonian hip hop
1aHKrWWY5wjcAjT7etccIy,estonian hip hop;estonian pop;estonian rock
5kUn3rYvaxMzYjHThaoo5g,south african trap;south african hip hop
6dCcUEoqDOtQnfqsVxLEyS,south african trap;south african hip hop
10Cnsm4CZl9shbj5jU32As,south african trap;south african hip hop
6HmiaxYKrzq3sU2M0eFDg2,south african trap;south african hip hop
7h69br1nQFSSgdVQp6sPx6,vietnamese trap;vietnamese hip hop;v-pop
7FTIhb3oMl8SZ1XbUoKbf2,russian hip hop;russian underground rap
19FhhS93siEpzNIUG0J7Xa,cloud rap;lgbtq+ hip hop;emo rap
2KwOuFfwQyT9mZqjvchd81,k-pop;k-pop boy group
0ZPjVmof45INEERgYfadtv,k-pop;k-pop boy group
4aozcUwwPK4A8cfRti0mhI,romanian trap;romanian pop
1dXz3W52yl5aRqW2nbc2kk,polish indie;polish pop
7vAIFnO5Na6SjXow8z6rSx,polish hip hop;polish trap
4POfce5YCaTN2HGoWZdPyg,polish indie;polish pop
0SsOMCjOCpit4EfFpwjcFW,bedroom r&b
6tgcr0z6mmLJL4qeRF6oen,italian adult pop;italian pop;rome indie
33zWUivvsRkfnOYx4FUmPt,hungarian pop
6wpj0XOOx9rJkoNYCv2d7i,greek trap;greek hip hop
5tFxDBCS5t0af9v9HiysLr,r&b francais;pop urbaine;rap francais;french hip hop
7l0PQwiw5MZJhBSt7zMLwv,bulgarian pop;chalga
6FSOibqLCbhFrmGdqMbwiZ,mandopop;singaporean pop;taiwan singer-songwriter;singaporean mandopop;singaporean singer-songwriter
7jzOZuWgZ5gaMet9V5Ix1d,k-pop
5gUaqAYNgO2yclwM5seMFm,turkish rock
180AbZduI6bYQIzwCHRwu9,gen z singer-songwriter;bedroom pop;indie pop;pov: indie;bubblegrunge
1Rl4O8fqcMTBN8o2rilFBL,
0LqMjug9C2LLSxsLfco0tg,swedish soul;swedish jazz;swedish electropop
5d2lkJfRpza95F0c1ZhTfX,polish hip hop
5op6kdhlMQ4L0KH30GCZ5T,rock;album rock;classic rock;british invasion
0eFMbKCRw8KByXyWBw8WO7,k-pop
2piySGAWgVwsRKm60SfOmF,j-pop;j-acoustic
3YZQseFqB5LVy9VcfVv7dp,indonesian pop rock
2q7sfsG3qyoMvfQzKdhC3K,
4izmyQcssvHEpC8cCFqQam,pop urbaine;rap francais;french hip hop
5asyOj4gG21a2pKzqBIMOk,cubaton
7gLAsZ9ZLXPzwhXefnvKcg,
3anybyqWui9HOrXTXTm0XB,belgian pop
6FfM6gKz4Qt5B8ou1AE89Q,south african trap;south african hip hop
0RxRpGX5IzabQpjn6zGFTB,south african trap;south african hip hop
3Dp93YmW29wCN1QRNxDujP,afro soul;amapiano;south african pop;south african pop dance
2kjH4Q6WxvlpGnlgwmv4eG,pop punk;modern rock;socal pop punk;alternative metal;punk;rock
6GdhBJBl51BAITWjFyhbtl,scenecore;sigilkore;krushclub
1ZR0d3zqDLaTEPD4nW4gGK,slovak trap;slovak hip hop;czsk hip hop
77DrYoEEBwIF1WiuwrTlzG,slovak trap;slovak hip hop;czsk hip hop
5hdHTyA75Dz5OyV4Xeel3V,slovak trap;slovak hip hop;czsk hip hop
4CzSEr6SjL2cRnWEPmG0QK,swedish pop rap;swedish hip hop;gothenburg hip hop
7qJez6y4GfrEoLVnHjBr0J,dansband;classic swedish pop
6xYeTISkTw4S9K9hJgr1KJ,dansband;classic swedish pop
68U6uwfsa0W9dZKZYo1uL6,manele
59RuYP6jN7K4uxDoCNlqlL,polish indie;polish pop
5z6xis1rcEjjs7MuM4eL1x,
7fZlCmEKhOsG9klW3e2qEn,russelater;norwegian pop rap
0bL5tco8cV95q5FNFzxzUS,rock;album rock;classic rock;british invasion
5C6p9XU3B36GPyfzcNBP6R,rock;album rock;classic rock;british invasion
32rT4NEzA9SH57FdFBkajG,rock;album rock;classic rock;british invasion
0Ag6LNrSfJVKRhGzD7ArDq,rock;album rock;classic rock;british invasion
0PyGmZCJ65xZBhXqCGYWlC,art pop;british invasion;pop;album rock;classic rock;dance pop;rock
1JgVMnVVOhPBmUDD7SYva3,dutch rap pop;dutch hip hop
4yOAYf9yYNT5Pq3iuuJcUa,rock;album rock;classic rock;british invasion
6ZPz7V1JLOcqPjMnJnwyJT,rock;album rock;classic rock;british invasion
18jFtQZUqk4n4lzmjweLq5,nigerian pop;afrobeats
2al7bELNOLyTgTwkgCjv5J,
2yMJuPe0zsr8bxjEY3dZTi,dikir barat
6b1FtAPClgZMtCRiWt534T,chill drill
6XH5Uqo3d0cvBv0dv9Jwh8,manchester hip hop;melodic drill
4ckEvXcaBNkzjtqbfYxXGe,cloud rap francais;pop urbaine;french hip hop
1nS7nL6Kyh8p0DOglJTdfD,korean city pop;korean pop
4o3d5M5vRQsacmS9d5Y9kB,italian adult pop;italian pop;rome indie
1fz4ovlT1RvvkokF1GRuYF,italian adult pop;italian pop;rome indie
5s8r7FStF8hGauIO9rOlfF,italian adult pop;italian pop;rome indie
43LI7DylyS6Cw3zMAEyyK5,italian adult pop;italian pop;rome indie
5inzjqKe05zP1eInEO8O1i,modern bollywood;filmi;tamil hip hop;desi hip hop
4C7cg72gU51s1IT4wh7Vp9,mizrahi;israeli mediterranean;israeli pop
46TdVjDXpTKcPqsHItxDKn,pop urbaine;rap francais;french hip hop
5upp18sWYDfl5mt22PkpKJ,pop urbaine;rap francais;french hip hop
0tGshe4WNGp7rvXHxDQvbH,pop urbaine;rap francais;french hip hop
6mabgsLAUmCQmWunduWXgr,pop urbaine;rap francais;french hip hop
2ohO63bidj6AMGmRxqWGt0,pop urbaine;rap francais;french hip hop
5hykFjl2n0CpLS1yYTvdMX,finnish trap;finnish hip hop
4d8H46Vif1ySvApG4WS2J8,finnish trap;finnish hip hop
3YS6ps8C4Dh3DbizRvgpjc,finnish drill
6oA2XNlyXtGl0y49bdwIoI,urbano espanol;spanish pop
3jpoHW9PURchPZ5QhBUvcB,estonian hip hop
4DKx6WQNUY4rovNtSWZee7,estonian hip hop;estonian pop
5wxo0JPn0HzwIp58dz9zCG,estonian hip hop
2JQs2lWo7CwrWKjuz34lAo,estonian hip hop;estonian pop
2keinRQHJcZlwL0B7NM3zt,estonian hip hop
3FZQIdPsmOUXEBIjUc2uQk,estonian hip hop
4LgJS8l1lpHUYCuVpVjbuO,estonian hip hop
0pOsvtGX3tuYk0CKf0cxij,danish pop
3eBZvO3q5DlsC8q578fVmK,danish pop
09YpAeK3XsbIvhkIfwAYUe,german cloud rap;german hip hop
6kxLxd8sYDnUCQU7j14dHd,german hip hop
1KVRICIgKjo1RTB3ZRkAL2,german hip hop
2n9mhw8QD22FClNn9ye03T,german hyperpop;german hip hop
65sTVVVMDnczku5Gt2PTmt,czech drill;czech hip hop;czsk hip hop
7Ia618v9vTRNpaZXtBsHrt,russian hip hop;russian trap
2QpHD2ERb4aVu3VePDlJYV,
37vQo8j33koOfhL5qK0YId,bulgarian pop;chalga
6pb5DtlAeG95dNQLHiArRU,progressive electro house;dutch house;romanian pop;slap house;pop dance;german techno;edm;electro house;eurodance;dance pop;romanian house
0w3Mfe4PIVjuFjJbe3OlYv,canadian hip hop;pop rap;rap;hip hop;canadian pop
3HCs7v1ac2ReqcUlTs7YVm,amapiano;barcadi
5KLL3jbaiks9Shy5ohz6oG,vietnamese hip hop;v-pop
3g0Dwgd36QRmPecFIoubg4,v-pop
2J6OF7CkpdQGSfm1wdclqn,r&b;rap
6SePnvTZkIXZznc8Ftc6vM,k-pop girl group
0eFRk9wgFPxg6iXhDjvGAo,taiwan singer-songwriter;chinese indie;taiwan pop
2JusqhuSgWouMe0CXAWcGN,swedish hip hop;swedish gangsta rap;swedish drill;swedish trap pop;swedish trap
6Vzl09EVLdB1MTZdDwm2Zd,polish hip hop;polish trap
3WX6nwhznaVTD9CazfMV4F,polish hip hop;polish pop;polish trap
63NqA1azM8ogGsJa7tFCRg,polish viral pop;polish pop
0L4BkyT2W2hjR91aVFCauZ,norwegian pop
3r0aM0M0toxEPbkYtXhNAZ,russelater;danspunk
4uoSxzvEVMcDsIK0aHZFAv,dutch pop;dutch house;latin viral pop;latin pop;pop rap;grime;mexican pop;dance pop
0PGAJhIelmtWlfQVHeFa1A,dutch hip hop
4tvoZzMGhx23HAlS5GUVCa,nigerian pop;nigerian hip hop;afro drill;afrobeats
5qYHD8Mu7HSC9RFzqkLmBA,nasyid
68cUJFq7aAbgeurngTmngL,musica mexicana;sierreno;corrido;corridos tumbados;sad sierreno
7wj8OXiqdAfNsnWm2zRV9e,trap italiana
4460AP9uejzHSNqNxTXzIM,icelandic singer-songwriter;icelandic pop;icelandic rock;classic icelandic pop
3Nl5OkkmS5DaBZvuYofpAt,pop
0YbFEoJi7Esa7lhIrEpBjl,pop;rock;modern rock
0O4jcIw70DqQGHHn0oseUn,
3LLnO4U1A5CJFtdP7AwasZ,finnish trap;finnish drill;finnish hip hop
5Om2bI3bo28V7XKvDHYy7d,finnish dance pop;finnish hip hop;finnish pop;finnish drill
6aJc9yW2geBF4OsrqOslOQ,finnish dance pop;finnish pop;finnish hip hop
2yREzJnpX353biub9EZiAI,estonian hip hop;estonian pop
4sGUkfsLxIK4tZxLZt0unU,danish pop;danish hip hop
264O5da5Insceb26qjx5tF,danish pop;danish hip hop
1dCrghiVlmSKKRXQS95W1T,german hip hop
2Gk6fi0dqt91NKvlzGsmm7,pop rap;rap;hip hop;slap house;atl hip hop;trap
5hXCTV8OCsNak8OVry7yzM,
1DxEbt6OSbrkRthk6pjZue,cumbia pop;trap argentino;trap triste
6qyS9qBy0mEk3qYaH8mPss,drift phonk
60ZuPJ8kseTn6isqhyxpCi,t-pop
3vfwUrq22haMmIJyyyI7Hq,t-pop
7ifhAM3ObwyI92K2P8Dl6z,swedish pop
6nIDYdHTS2o3IMlTEccCm2,romanian trap
3Aq8OvogNStehUPJcNDEZT,nigerian pop;nigerian hip hop;dancehall;afrobeats
02wk5BttM0QL38ERjLPQJB,k-pop;k-pop girl group
0hlBI8n1v5F2mj0tDIM5ai,israeli hip hop
02hXZxgl6XwtAdK9y2sb6B,israeli mediterranean
0NdV41q6lBoO4WyCaZmIJU,israeli hip hop;israeli pop
2jTrNOXo88jG31MJZEYuKb,hk-pop;cantopop
0TsD4iSubzoyfG0RcfWIHR,greek trap;greek hip hop
5VxmI3IdgAxWVvUnJoLuY2,art pop;metropopolis;pop;uk pop;candy pop
1yxJ4SoCjmxJWvI1pN7Qad,finnish trap;finnish drill;finnish hip hop
331oEKKHECAkRQhnMJMiGG,german hip hop
2nibvvDdAQkVraYP00z2RS,canadian hip hop;pop rap;rap;hip hop;atl hip hop;canadian pop
4uVJP9HxCgiLPyfFBSxkE8,south african house;amapiano;afro soul;south african pop
6ZG7EV2sV2M1MI9XxANAdF,modern alternative pop;danish indie pop
5XseQZ9TGr06Rv1Ye6wCu0,hindi hip hop;punjabi hip hop;desi hip hop;indian electronic;desi pop
61iDSv1MgCsdo0zKXGxvCO,nigerian pop;nigerian hip hop;afrobeats
4ktTjOAAb4nYUSWDunxMeC,greek trap
5t4ea9v5BSCWNw0aMzUoLd,greek pop;laiko
7E8LK4R9gAkSG4CD1kqvsX,czech drill;czech hip hop;czsk emo rap;czsk hip hop
0SWDToufOxRVIngk8c1oZi,sertanejo;sertanejo universitario;arrocha
5eID9KNVJV2fDSPQGzQHQg,sertanejo;sertanejo universitario;agronejo;sertanejo pop;arrocha
